Name,Pantheon,Roles,Title,Type,id,godCard_URL,godIcon_URL,godAbility1_URL,godAbility2_URL,godAbility3_URL,godAbility4_URL,godAbility5_URL
Agni,Hindu, Mage,God of Fire," Ranged, Magical",1737,https://hzweb.hi-rezgame.net/smite-web/wp-content/uploads/2015/05/standardagni_card.jpg,https://hzweb.hi-rezgame.net/smite-web/wp-content/uploads/2015/05/1737.jpg,https://hzweb.hi-rezgame.net/smite-web/wp-content/uploads/2015/05/1737_78121.jpg,https://hzweb.hi-rezgame.net/smite-web/wp-content/uploads/2015/05/1737_78111.jpg,https://hzweb.hi-rezgame.net/smite-web/wp-content/uploads/2015/05/1737_78181.jpg,https://hzweb.hi-rezgame.net/smite-web/wp-content/uploads/2015/05/1737_78241.jpg,https://hzweb.hi-rezgame.net/smite-web/wp-content/uploads/2015/05/1737_78221.jpg
Ah Muzen Cab,Mayan, Hunter,God of Bees," Ranged, Physical",1956,https://hzweb.hi-rezgame.net/smite-web/wp-content/uploads/2015/05/standardahmuzencab_card.jpg,https://hzweb.hi-rezgame.net/smite-web/wp-content/uploads/2015/05/1956.jpg,https://hzweb.hi-rezgame.net/smite-web/wp-content/uploads/2015/05/1956_93851.jpg,https://hzweb.hi-rezgame.net/smite-web/wp-content/uploads/2015/05/1956_93811.jpg,https://hzweb.hi-rezgame.net/smite-web/wp-content/uploads/2015/05/1956_94231.jpg,https://hzweb.hi-rezgame.net/smite-web/wp-content/uploads/2015/05/1956_93931.jpg,https://hzweb.hi-rezgame.net/smite-web/wp-content/uploads/2015/05/1956_93801.jpg
Ah Puch,Mayan, Mage,Horrific God of Decay," Ranged, Magical",2056,https://hzweb.hi-rezgame.net/smite-web/wp-content/uploads/2015/05/standardahpuch_card.jpg,https://hzweb.hi-rezgame.net/smite-web/wp-content/uploads/2015/05/2056.jpg,https://hzweb.hi-rezgame.net/smite-web/wp-content/uploads/2015/05/2056_113481.jpg,https://hzweb.hi-rezgame.net/smite-web/wp-content/uploads/2015/05/2056_113741.jpg,https://hzweb.hi-rezgame.net/smite-web/wp-content/uploads/2015/05/2056_113941.jpg,https://hzweb.hi-rezgame.net/smite-web/wp-content/uploads/2015/05/2056_113641.jpg,https://hzweb.hi-rezgame.net/smite-web/wp-content/uploads/2015/05/2056_113611.jpg
Amaterasu,Japanese, Warrior,The Shining Light," Melee, Physical",2110,https://hzweb.hi-rezgame.net/smite-web/wp-content/uploads/2016/01/Amaterasu_CCSkin_Card.jpg,https://hzweb.hi-rezgame.net/smite-web/wp-content/uploads/2016/01/Amaterasu_Default_Icon.jpg,https://hzweb.hi-rezgame.net/smite-web/wp-content/uploads/2016/01/Icons_God72_A01.jpg,https://hzweb.hi-rezgame.net/smite-web/wp-content/uploads/2016/01/Icons_God72_A02.jpg,https://hzweb.hi-rezgame.net/smite-web/wp-content/uploads/2016/01/Icons_God72_A03.jpg,https://hzweb.hi-rezgame.net/smite-web/wp-content/uploads/2016/01/Icons_God72_A04.jpg,https://hzweb.hi-rezgame.net/smite-web/wp-content/uploads/2016/01/Icons_God72_Passive.jpg
Anhur,Egyptian, Hunter,Slayer of Enemies," Ranged, Physical",1773,https://hzweb.hi-rezgame.net/smite-web/wp-content/uploads/2015/05/standardanhur_card.jpg,https://hzweb.hi-rezgame.net/smite-web/wp-content/uploads/2015/05/1773.jpg,https://hzweb.hi-rezgame.net/smite-web/wp-content/uploads/2015/05/1773_81931.jpg,https://hzweb.hi-rezgame.net/smite-web/wp-content/uploads/2015/05/1773_82001.jpg,https://hzweb.hi-rezgame.net/smite-web/wp-content/uploads/2015/05/1773_81981.jpg,https://hzweb.hi-rezgame.net/smite-web/wp-content/uploads/2015/05/1773_82011.jpg,https://hzweb.hi-rezgame.net/smite-web/wp-content/uploads/2015/05/1773_81911.jpg
Anubis,Egyptian, Mage,God of the Dead," Ranged, Magical",1668,https://hzweb.hi-rezgame.net/smite-web/wp-content/uploads/2015/05/gravehound_card.jpg,https://hzweb.hi-rezgame.net/smite-web/wp-content/uploads/2015/05/1668.jpg,https://hzweb.hi-rezgame.net/smite-web/wp-content/uploads/2015/05/1668_114951.jpg,https://hzweb.hi-rezgame.net/smite-web/wp-content/uploads/2015/05/1668_114971.jpg,https://hzweb.hi-rezgame.net/smite-web/wp-content/uploads/2015/05/1668_114982.jpg,https://hzweb.hi-rezgame.net/smite-web/wp-content/uploads/2015/05/1668_114911.jpg,https://hzweb.hi-rezgame.net/smite-web/wp-content/uploads/2015/05/1668_75471.jpg
Ao Kuang,Chinese, Mage,Dragon King of the Eastern Seas," Melee, Magical",2034,https://hzweb.hi-rezgame.net/smite-web/wp-content/uploads/2015/05/standardaokuang_card.jpg,https://hzweb.hi-rezgame.net/smite-web/wp-content/uploads/2015/05/2034.jpg,https://hzweb.hi-rezgame.net/smite-web/wp-content/uploads/2015/05/2034_106451.jpg,https://hzweb.hi-rezgame.net/smite-web/wp-content/uploads/2015/05/2034_106481.jpg,https://hzweb.hi-rezgame.net/smite-web/wp-content/uploads/2015/05/2034_107361.jpg,https://hzweb.hi-rezgame.net/smite-web/wp-content/uploads/2015/05/2034_106521.jpg,https://hzweb.hi-rezgame.net/smite-web/wp-content/uploads/2015/05/2034_106441.jpg
Aphrodite,Greek, Mage,Goddess of Beauty," Ranged, Magical",1898,https://hzweb.hi-rezgame.net/smite-web/wp-content/uploads/2015/05/standardaphrodite_card.jpg,https://hzweb.hi-rezgame.net/smite-web/wp-content/uploads/2015/05/1898.jpg,https://hzweb.hi-rezgame.net/smite-web/wp-content/uploads/2015/05/1898_8742.jpg,https://hzweb.hi-rezgame.net/smite-web/wp-content/uploads/2015/05/1898_8776.jpg,https://hzweb.hi-rezgame.net/smite-web/wp-content/uploads/2015/05/1898_8740.jpg,https://hzweb.hi-rezgame.net/smite-web/wp-content/uploads/2015/05/1898_8743.jpg,
Apollo,Greek, Hunter,God of Music," Ranged, Physical",1899,https://hzweb.hi-rezgame.net/smite-web/wp-content/uploads/2015/05/standardapollo_card.jpg,https://hzweb.hi-rezgame.net/smite-web/wp-content/uploads/2015/05/1899.jpg,https://hzweb.hi-rezgame.net/smite-web/wp-content/uploads/2015/05/1899_87591.jpg,https://hzweb.hi-rezgame.net/smite-web/wp-content/uploads/2015/05/1899_88081.jpg,https://hzweb.hi-rezgame.net/smite-web/wp-content/uploads/2015/05/1899_87831.jpg,https://hzweb.hi-rezgame.net/smite-web/wp-content/uploads/2015/05/1899_87851.jpg,https://hzweb.hi-rezgame.net/smite-web/wp-content/uploads/2015/05/1899_87541.jpg
Arachne,Greek, Assassin,the Weaver," Melee, Physical",1699,https://hzweb.hi-rezgame.net/smite-web/wp-content/uploads/2015/05/blackwidow_card.jpg,https://hzweb.hi-rezgame.net/smite-web/wp-content/uploads/2015/05/god-info_icon-arachne.jpg,https://hzweb.hi-rezgame.net/smite-web/wp-content/uploads/2015/05/1699_104951.jpg,https://hzweb.hi-rezgame.net/smite-web/wp-content/uploads/2015/05/1699_106141.jpg,https://hzweb.hi-rezgame.net/smite-web/wp-content/uploads/2015/05/1699_105701.jpg,https://hzweb.hi-rezgame.net/smite-web/wp-content/uploads/2015/05/1699_105071.jpg,https://hzweb.hi-rezgame.net/smite-web/wp-content/uploads/2015/05/1699_104931.jpg
Ares,Greek, Guardian,God of War," Melee, Magical",1782,https://hzweb.hi-rezgame.net/smite-web/wp-content/uploads/2015/05/standardares_card.jpg,https://hzweb.hi-rezgame.net/smite-web/wp-content/uploads/2015/05/1782.jpg,https://hzweb.hi-rezgame.net/smite-web/wp-content/uploads/2015/05/1782_82841.jpg,https://hzweb.hi-rezgame.net/smite-web/wp-content/uploads/2015/05/1782_83151.jpg,https://hzweb.hi-rezgame.net/smite-web/wp-content/uploads/2015/05/1782_82861.jpg,https://hzweb.hi-rezgame.net/smite-web/wp-content/uploads/2015/05/1782_83161.jpg,https://hzweb.hi-rezgame.net/smite-web/wp-content/uploads/2015/05/1782_83171.jpg
Artemis,Greek, Hunter,Goddess of the Hunt," Ranged, Physical",1748,https://hzweb.hi-rezgame.net/smite-web/wp-content/uploads/2015/05/standardartemis_card.jpg,https://hzweb.hi-rezgame.net/smite-web/wp-content/uploads/2015/05/1748.jpg,https://hzweb.hi-rezgame.net/smite-web/wp-content/uploads/2015/05/1748_79701.jpg,https://hzweb.hi-rezgame.net/smite-web/wp-content/uploads/2015/05/1748_79741.jpg,https://hzweb.hi-rezgame.net/smite-web/wp-content/uploads/2015/05/1748_80661.jpg,https://hzweb.hi-rezgame.net/smite-web/wp-content/uploads/2015/05/1748_81261.jpg,https://hzweb.hi-rezgame.net/smite-web/wp-content/uploads/2015/05/1748_80071.jpg
Athena,Greek, Guardian,Goddess of Wisdom," Melee, Magical",1919,https://hzweb.hi-rezgame.net/smite-web/wp-content/uploads/2015/05/standardathena_card.jpg,https://hzweb.hi-rezgame.net/smite-web/wp-content/uploads/2015/05/1919.jpg,https://hzweb.hi-rezgame.net/smite-web/wp-content/uploads/2015/05/1919_89261.jpg,https://hzweb.hi-rezgame.net/smite-web/wp-content/uploads/2015/05/1919_88911.jpg,https://hzweb.hi-rezgame.net/smite-web/wp-content/uploads/2015/05/1919_88921.jpg,https://hzweb.hi-rezgame.net/smite-web/wp-content/uploads/2015/05/1919_89701.jpg,https://hzweb.hi-rezgame.net/smite-web/wp-content/uploads/2015/05/1919_89611.jpg
Awilix,Mayan, Assassin,Goddess of the Moon," Melee, Physical",2037,https://hzweb.hi-rezgame.net/smite-web/wp-content/uploads/2015/05/standardawilix_card.jpg,https://hzweb.hi-rezgame.net/smite-web/wp-content/uploads/2015/05/2037.jpg,https://hzweb.hi-rezgame.net/smite-web/wp-content/uploads/2015/05/2037_108351.jpg,https://hzweb.hi-rezgame.net/smite-web/wp-content/uploads/2015/05/2037_108281.jpg,https://hzweb.hi-rezgame.net/smite-web/wp-content/uploads/2015/05/2037_109221.jpg,https://hzweb.hi-rezgame.net/smite-web/wp-content/uploads/2015/05/2037_108181.jpg,https://hzweb.hi-rezgame.net/smite-web/wp-content/uploads/2015/05/2037_107961.jpg
Bacchus,Roman, Guardian,God of Wine," Melee, Magical",1809,https://hzweb.hi-rezgame.net/smite-web/wp-content/uploads/2015/05/standardbacchus_card.jpg,https://hzweb.hi-rezgame.net/smite-web/wp-content/uploads/2015/05/1809.jpg,https://hzweb.hi-rezgame.net/smite-web/wp-content/uploads/2015/05/1809_84471.jpg,https://hzweb.hi-rezgame.net/smite-web/wp-content/uploads/2015/05/1809_84491.jpg,https://hzweb.hi-rezgame.net/smite-web/wp-content/uploads/2015/05/1809_84831.jpg,https://hzweb.hi-rezgame.net/smite-web/wp-content/uploads/2015/05/1809_84911.jpg,https://hzweb.hi-rezgame.net/smite-web/wp-content/uploads/2015/05/1809_84631.jpg
Bakasura,Hindu, Assassin,the Great Devourer," Melee, Physical",1755,https://hzweb.hi-rezgame.net/smite-web/wp-content/uploads/2015/05/1755c.jpg,https://hzweb.hi-rezgame.net/smite-web/wp-content/uploads/2015/05/1755.jpg,https://hzweb.hi-rezgame.net/smite-web/wp-content/uploads/2015/05/1755_8178.jpg,https://hzweb.hi-rezgame.net/smite-web/wp-content/uploads/2015/05/1755_8180.jpg,https://hzweb.hi-rezgame.net/smite-web/wp-content/uploads/2015/05/1755_8184.jpg,https://hzweb.hi-rezgame.net/smite-web/wp-content/uploads/2015/05/1755_8190.jpg,https://hzweb.hi-rezgame.net/smite-web/wp-content/uploads/2015/05/1755_8176.jpg
Bastet,Egyptian, Assassin,Goddess of Cats," Melee, Physical",1678,https://hzweb.hi-rezgame.net/smite-web/wp-content/uploads/2015/05/StandardBastet_card.jpg,https://hzweb.hi-rezgame.net/smite-web/wp-content/uploads/2015/05/1678.jpg,https://hzweb.hi-rezgame.net/smite-web/wp-content/uploads/2015/05/1678_10138.jpg,https://hzweb.hi-rezgame.net/smite-web/wp-content/uploads/2015/05/1678_10001.jpg,https://hzweb.hi-rezgame.net/smite-web/wp-content/uploads/2015/05/1678_7494.jpg,https://hzweb.hi-rezgame.net/smite-web/wp-content/uploads/2015/05/1678_7513.jpg,https://hzweb.hi-rezgame.net/smite-web/wp-content/uploads/2015/05/1678_9337.jpg
Bellona,Roman, Warrior,Goddess of War," Melee, Physical",2047,https://hzweb.hi-rezgame.net/smite-web/wp-content/uploads/2015/05/StandardBellona_card.jpg,https://hzweb.hi-rezgame.net/smite-web/wp-content/uploads/2015/05/2047.jpg,https://hzweb.hi-rezgame.net/smite-web/wp-content/uploads/2015/05/2047_11127.jpg,https://hzweb.hi-rezgame.net/smite-web/wp-content/uploads/2015/05/2047_11137.jpg,https://hzweb.hi-rezgame.net/smite-web/wp-content/uploads/2015/05/2047_11140.jpg,https://hzweb.hi-rezgame.net/smite-web/wp-content/uploads/2015/05/2047_11141.jpg,https://hzweb.hi-rezgame.net/smite-web/wp-content/uploads/2015/05/2047_11145.jpg
Cabrakan,Mayan, Guardian,Destroyer of Mountains," Melee, Magical",2008,https://hzweb.hi-rezgame.net/smite-web/wp-content/uploads/2015/05/StandardCabrakan_card.jpg,https://hzweb.hi-rezgame.net/smite-web/wp-content/uploads/2015/05/2008.jpg,https://hzweb.hi-rezgame.net/smite-web/wp-content/uploads/2015/05/2008_10453.jpg,https://hzweb.hi-rezgame.net/smite-web/wp-content/uploads/2015/05/2008_10262.jpg,https://hzweb.hi-rezgame.net/smite-web/wp-content/uploads/2015/05/2008_10271.jpg,https://hzweb.hi-rezgame.net/smite-web/wp-content/uploads/2015/05/2008_10387.jpg,https://hzweb.hi-rezgame.net/smite-web/wp-content/uploads/2015/05/2008_10252.jpg
Camazotz,Mayan, Assassin,Deadly God of Bats, Physical,2189,https://hzweb.hi-rezgame.net/smite-web/wp-content/uploads/2015/06/Camazotz_Default_Card.jpg,https://hzweb.hi-rezgame.net/smite-web/wp-content/uploads/2016/10/Camazotz-Icon-128x128.png,https://hzweb.hi-rezgame.net/smite-web/wp-content/uploads/2016/10/Camazotz_Abiity_One.jpg,https://hzweb.hi-rezgame.net/smite-web/wp-content/uploads/2016/10/Camazotz_Abiity_Two.jpg,https://hzweb.hi-rezgame.net/smite-web/wp-content/uploads/2016/10/Camazotz_Ability_Three.jpg,https://hzweb.hi-rezgame.net/smite-web/wp-content/uploads/2016/10/Icons_Camazotz_Four.jpg,https://hzweb.hi-rezgame.net/smite-web/wp-content/uploads/2016/10/Icons_Camazotz_Passive.jpg
Chaac,Mayan, Warrior,God of Rain," Melee, Physical",1966,https://hzweb.hi-rezgame.net/smite-web/wp-content/uploads/2015/05/1966c.jpg,https://hzweb.hi-rezgame.net/smite-web/wp-content/uploads/2015/05/1966.jpg,https://hzweb.hi-rezgame.net/smite-web/wp-content/uploads/2015/05/1966_9541.jpg,https://hzweb.hi-rezgame.net/smite-web/wp-content/uploads/2015/05/1966_9495.jpg,https://hzweb.hi-rezgame.net/smite-web/wp-content/uploads/2015/05/1966_9502.jpg,https://hzweb.hi-rezgame.net/smite-web/wp-content/uploads/2015/05/1966_9558.jpg,https://hzweb.hi-rezgame.net/smite-web/wp-content/uploads/2015/05/1966_9501.jpg
Chang'e,Chinese, Mage,Faerie of the Moon," Ranged, Magical",1921,https://hzweb.hi-rezgame.net/smite-web/wp-content/uploads/2015/05/standardchange_card.jpg,https://hzweb.hi-rezgame.net/smite-web/wp-content/uploads/2015/05/1921.jpg,https://hzweb.hi-rezgame.net/smite-web/wp-content/uploads/2015/05/1921_9101.jpg,https://hzweb.hi-rezgame.net/smite-web/wp-content/uploads/2015/05/1921_8965.jpg,https://hzweb.hi-rezgame.net/smite-web/wp-content/uploads/2015/05/1921_9123.jpg,https://hzweb.hi-rezgame.net/smite-web/wp-content/uploads/2015/05/1921_8966.jpg,https://hzweb.hi-rezgame.net/smite-web/wp-content/uploads/2015/05/1921_8967.jpg
Chiron,Greek, Hunter,The Great Teacher," Ranged, Physical",2075,https://hzweb.hi-rezgame.net/smite-web/wp-content/uploads/2015/11/Chiron_Default_Card.jpg,https://hzweb.hi-rezgame.net/smite-web/wp-content/uploads/2015/11/Chiron.png,https://hzweb.hi-rezgame.net/smite-web/wp-content/uploads/2015/11/Icons_Chiron_A01.jpg,https://hzweb.hi-rezgame.net/smite-web/wp-content/uploads/2015/11/Icons_Chiron_A02.jpg,https://hzweb.hi-rezgame.net/smite-web/wp-content/uploads/2015/11/Icons_Chiron_A03.jpg,https://hzweb.hi-rezgame.net/smite-web/wp-content/uploads/2015/11/Icons_Chiron_A04.jpg,https://hzweb.hi-rezgame.net/smite-web/wp-content/uploads/2015/11/Icons_Chiron_Passive.jpg
Chronos,Greek, Mage,Keeper of Time," Ranged, Magical",1920,https://hzweb.hi-rezgame.net/smite-web/wp-content/uploads/2015/05/standardchronos_card.jpg,https://hzweb.hi-rezgame.net/smite-web/wp-content/uploads/2015/05/1920.jpg,https://hzweb.hi-rezgame.net/smite-web/wp-content/uploads/2015/05/1920_8995.jpg,https://hzweb.hi-rezgame.net/smite-web/wp-content/uploads/2015/05/1920_8973.jpg,https://hzweb.hi-rezgame.net/smite-web/wp-content/uploads/2015/05/1920_8955.jpg,https://hzweb.hi-rezgame.net/smite-web/wp-content/uploads/2015/05/1920_8980.jpg,https://hzweb.hi-rezgame.net/smite-web/wp-content/uploads/2015/05/1920_9069.jpg
Cupid,Roman, Hunter,God of Love," Ranged, Physical",1778,https://hzweb.hi-rezgame.net/smite-web/wp-content/uploads/2015/05/standardcupid_card.jpg,https://hzweb.hi-rezgame.net/smite-web/wp-content/uploads/2015/05/1778.jpg,https://hzweb.hi-rezgame.net/smite-web/wp-content/uploads/2015/05/1778_11146.jpg,https://hzweb.hi-rezgame.net/smite-web/wp-content/uploads/2015/05/1778_8230.jpg,https://hzweb.hi-rezgame.net/smite-web/wp-content/uploads/2015/05/1778_8222.jpg,https://hzweb.hi-rezgame.net/smite-web/wp-content/uploads/2015/05/1778_8233.jpg,https://hzweb.hi-rezgame.net/smite-web/wp-content/uploads/2015/05/1778_8235.jpg
Erlang Shen,Chinese, Warrior,The Illustrious Sage," Melee, Physical",2138,https://hzweb.hi-rezgame.net/smite-web/wp-content/uploads/2016/07/ErLangShen_-recolor_Card.jpg,https://hzweb.hi-rezgame.net/smite-web/wp-content/uploads/2016/07/ERLANGSHEN_ICON.jpg,https://hzweb.hi-rezgame.net/smite-web/wp-content/uploads/2016/06/Icons_ErLangShen_A01_1.jpg,https://hzweb.hi-rezgame.net/smite-web/wp-content/uploads/2016/06/Icons_ErLangShen_A02_1.jpg,https://hzweb.hi-rezgame.net/smite-web/wp-content/uploads/2016/06/Icons_ErLangShen_A03_1.jpg,https://hzweb.hi-rezgame.net/smite-web/wp-content/uploads/2016/06/Icons_ErLangShen_A04_1.jpg,https://hzweb.hi-rezgame.net/smite-web/wp-content/uploads/2016/06/Icons_ErLangShen_Passive_1.jpg
Fafnir,Norse, Guardian,The Lord of Glittering Gold, Magical,2136,https://hzweb.hi-rezgame.net/smite-web/wp-content/uploads/2015/06/GodCards_and_Icons_CGFafnirGold_750x1000.jpg,https://hzweb.hi-rezgame.net/smite-web/wp-content/uploads/2016/06/Fafnir_Default_Icon.png,https://hzweb.hi-rezgame.net/smite-web/wp-content/uploads/2016/06/139243471697046.lTbkB1q2zEnEONpJlpaD_height640.png,https://hzweb.hi-rezgame.net/smite-web/wp-content/uploads/2016/06/139243471697054.KoIeOmBm3CAko5jJihDX_height640.png,https://hzweb.hi-rezgame.net/smite-web/wp-content/uploads/2016/06/139243471697052.n4D25I4bN8APkbJlQ9pl_height640.png,https://hzweb.hi-rezgame.net/smite-web/wp-content/uploads/2016/06/139243471697060.vxC2PMHo3IVabYGB9Xz4_height640.png,https://hzweb.hi-rezgame.net/smite-web/wp-content/uploads/2016/06/139243471697056.HPEX2fqRHYxV1WEHURvy_height640.png
Fenrir,Norse, Assassin,the Unbound," Melee, Physical",1843,https://hzweb.hi-rezgame.net/smite-web/wp-content/uploads/2015/05/standardfenrir_card.jpg,https://hzweb.hi-rezgame.net/smite-web/wp-content/uploads/2015/05/1843.jpg,https://hzweb.hi-rezgame.net/smite-web/wp-content/uploads/2015/05/1843_8831.jpg,https://hzweb.hi-rezgame.net/smite-web/wp-content/uploads/2015/05/1843_8830.jpg,https://hzweb.hi-rezgame.net/smite-web/wp-content/uploads/2015/05/1843_8857.jpg,https://hzweb.hi-rezgame.net/smite-web/wp-content/uploads/2015/05/1843_8825.jpg,https://hzweb.hi-rezgame.net/smite-web/wp-content/uploads/2015/05/1843_8485.jpg
Freya,Norse, Mage,Queen of the Valkyries," Melee, Magical",1784,https://hzweb.hi-rezgame.net/smite-web/wp-content/uploads/2015/06/GodCards_and_Icons_CGFreyaReskin_750x1000.jpg,https://hzweb.hi-rezgame.net/smite-web/wp-content/uploads/2015/06/GodCards_and_Icons_CGFreyaReskin_128x128.jpg,https://hzweb.hi-rezgame.net/smite-web/wp-content/uploads/2015/05/1784_83441.jpg,https://hzweb.hi-rezgame.net/smite-web/wp-content/uploads/2015/05/1784_83451.jpg,https://hzweb.hi-rezgame.net/smite-web/wp-content/uploads/2015/05/1784_84131.jpg,https://hzweb.hi-rezgame.net/smite-web/wp-content/uploads/2015/05/1784_83711.jpg,https://hzweb.hi-rezgame.net/smite-web/wp-content/uploads/2015/05/1784_83641.jpg
Geb,Egyptian, Guardian,God of Earth," Melee, Magical",1978,https://hzweb.hi-rezgame.net/smite-web/wp-content/uploads/2015/05/standardgeb_card.jpg,https://hzweb.hi-rezgame.net/smite-web/wp-content/uploads/2015/05/1978.jpg,https://hzweb.hi-rezgame.net/smite-web/wp-content/uploads/2015/05/1978_9569.jpg,https://hzweb.hi-rezgame.net/smite-web/wp-content/uploads/2015/05/1978_9559.jpg,https://hzweb.hi-rezgame.net/smite-web/wp-content/uploads/2015/05/1978_9565.jpg,https://hzweb.hi-rezgame.net/smite-web/wp-content/uploads/2015/05/1978_9648.jpg,https://hzweb.hi-rezgame.net/smite-web/wp-content/uploads/2015/05/1978_9561.jpg
Guan Yu,Chinese, Warrior,Saint of War," Melee, Physical",1763,https://hzweb.hi-rezgame.net/smite-web/wp-content/uploads/2015/05/standardguanyu_card.jpg,https://hzweb.hi-rezgame.net/smite-web/wp-content/uploads/2015/05/1763.jpg,https://hzweb.hi-rezgame.net/smite-web/wp-content/uploads/2015/05/1763_9146.jpg,https://hzweb.hi-rezgame.net/smite-web/wp-content/uploads/2015/05/1763_9147.jpg,https://hzweb.hi-rezgame.net/smite-web/wp-content/uploads/2015/05/1763_10132.jpg,https://hzweb.hi-rezgame.net/smite-web/wp-content/uploads/2015/05/1763_9177.jpg,
Hades,Greek, Mage,King of the Underworld," Ranged, Magical",1676,https://hzweb.hi-rezgame.net/smite-web/wp-content/uploads/2015/05/classichades_card.jpg,https://hzweb.hi-rezgame.net/smite-web/wp-content/uploads/2015/05/1676.jpg,https://hzweb.hi-rezgame.net/smite-web/wp-content/uploads/2015/05/1676_7343.jpg,https://hzweb.hi-rezgame.net/smite-web/wp-content/uploads/2015/05/1676_7354.jpg,https://hzweb.hi-rezgame.net/smite-web/wp-content/uploads/2015/05/1676_7356.jpg,https://hzweb.hi-rezgame.net/smite-web/wp-content/uploads/2015/05/1676_7357.jpg,https://hzweb.hi-rezgame.net/smite-web/wp-content/uploads/2015/05/1676_7550.jpg
He Bo,Chinese, Mage,God of the Yellow River," Ranged, Magical",1674,https://hzweb.hi-rezgame.net/smite-web/wp-content/uploads/2015/05/standardhebo_card.jpg,https://hzweb.hi-rezgame.net/smite-web/wp-content/uploads/2015/05/1674.jpg,https://hzweb.hi-rezgame.net/smite-web/wp-content/uploads/2015/05/1674_7327.jpg,https://hzweb.hi-rezgame.net/smite-web/wp-content/uploads/2015/05/1674_7328.jpg,https://hzweb.hi-rezgame.net/smite-web/wp-content/uploads/2015/05/1674_7329.jpg,https://hzweb.hi-rezgame.net/smite-web/wp-content/uploads/2015/05/1674_7330.jpg,https://hzweb.hi-rezgame.net/smite-web/wp-content/uploads/2015/05/1674_7551.jpg
Hel,Norse, Mage,Goddess of the Underworld," Ranged, Magical",1718,https://hzweb.hi-rezgame.net/smite-web/wp-content/uploads/2015/05/standardhel_card.jpg,https://hzweb.hi-rezgame.net/smite-web/wp-content/uploads/2015/05/1718.jpg,https://hzweb.hi-rezgame.net/smite-web/wp-content/uploads/2015/05/1718_9180.jpg,https://hzweb.hi-rezgame.net/smite-web/wp-content/uploads/2015/05/1718_9183.jpg,https://hzweb.hi-rezgame.net/smite-web/wp-content/uploads/2015/05/1718_9185.jpg,https://hzweb.hi-rezgame.net/smite-web/wp-content/uploads/2015/05/1718_9186.jpg,https://hzweb.hi-rezgame.net/smite-web/wp-content/uploads/2015/05/1718_9188.jpg
Hercules,Roman, Warrior,Champion of Rome," Melee, Physical",1848,https://hzweb.hi-rezgame.net/smite-web/wp-content/uploads/2015/05/standardhercules_card.jpg,https://hzweb.hi-rezgame.net/smite-web/wp-content/uploads/2015/05/1848.jpg,https://hzweb.hi-rezgame.net/smite-web/wp-content/uploads/2015/05/1848_8494.jpg,https://hzweb.hi-rezgame.net/smite-web/wp-content/uploads/2015/05/1848_8499.jpg,https://hzweb.hi-rezgame.net/smite-web/wp-content/uploads/2015/05/1848_8497.jpg,https://hzweb.hi-rezgame.net/smite-web/wp-content/uploads/2015/05/1848_8632.jpg,https://hzweb.hi-rezgame.net/smite-web/wp-content/uploads/2015/05/1848_8498.jpg
Hou Yi,Chinese, Hunter,Defender of the Earth," Ranged, Physical",2040,https://hzweb.hi-rezgame.net/smite-web/wp-content/uploads/2015/05/standardhouyi_card.jpg,https://hzweb.hi-rezgame.net/smite-web/wp-content/uploads/2015/05/2040.jpg,https://hzweb.hi-rezgame.net/smite-web/wp-content/uploads/2015/05/2040_11416.jpg,https://hzweb.hi-rezgame.net/smite-web/wp-content/uploads/2015/05/2040_10867.jpg,https://hzweb.hi-rezgame.net/smite-web/wp-content/uploads/2015/05/2040_10988.jpg,https://hzweb.hi-rezgame.net/smite-web/wp-content/uploads/2015/05/2040_10869.jpg,https://hzweb.hi-rezgame.net/smite-web/wp-content/uploads/2015/05/2040_11027.jpg
Hun Batz,Mayan, Assassin,the Howler Monkey God," Melee, Physical",1673,https://hzweb.hi-rezgame.net/smite-web/wp-content/uploads/2015/05/shaolinmonk-ey_card.jpg,https://hzweb.hi-rezgame.net/smite-web/wp-content/uploads/2015/05/1673.jpg,https://hzweb.hi-rezgame.net/smite-web/wp-content/uploads/2015/05/1673_7323.jpg,https://hzweb.hi-rezgame.net/smite-web/wp-content/uploads/2015/05/1673_7324.jpg,https://hzweb.hi-rezgame.net/smite-web/wp-content/uploads/2015/05/1673_7325.jpg,https://hzweb.hi-rezgame.net/smite-web/wp-content/uploads/2015/05/1673_7339.jpg,https://hzweb.hi-rezgame.net/smite-web/wp-content/uploads/2015/05/1673_7555.jpg
Isis,Egyptian, Mage,Goddess of Magic," Ranged, Magical",1918,https://hzweb.hi-rezgame.net/smite-web/wp-content/uploads/2015/05/standardisis_card.jpg,https://hzweb.hi-rezgame.net/smite-web/wp-content/uploads/2015/05/1918.jpg,https://hzweb.hi-rezgame.net/smite-web/wp-content/uploads/2015/05/1918_8920.jpg,https://hzweb.hi-rezgame.net/smite-web/wp-content/uploads/2015/05/1918_8921.jpg,https://hzweb.hi-rezgame.net/smite-web/wp-content/uploads/2015/05/1918_8939.jpg,https://hzweb.hi-rezgame.net/smite-web/wp-content/uploads/2015/05/1918_8883.jpg,https://hzweb.hi-rezgame.net/smite-web/wp-content/uploads/2015/05/1918_8900.jpg
Izanami,Japanese, Hunter,Matron of the Dead, Physical,2179,https://hzweb.hi-rezgame.net/smite-web/wp-content/uploads/2016/08/Izanami_CC_Card.jpg,https://hzweb.hi-rezgame.net/smite-web/wp-content/uploads/2016/08/Izanami_Default_Icon_128x128.png,https://hzweb.hi-rezgame.net/smite-web/wp-content/uploads/2016/08/Icons_Izanami_A01.jpg,https://hzweb.hi-rezgame.net/smite-web/wp-content/uploads/2016/08/Icons_Izanami_A02.jpg,https://hzweb.hi-rezgame.net/smite-web/wp-content/uploads/2016/08/Icons_Izanami_A03.jpg,https://hzweb.hi-rezgame.net/smite-web/wp-content/uploads/2016/08/Icons_Izanami_A04.jpg,https://hzweb.hi-rezgame.net/smite-web/wp-content/uploads/2016/08/Icons_Izanami_Passive.jpg
Janus,Roman, Mage,God of Portals and Transitions," Ranged, Magical",1999,https://hzweb.hi-rezgame.net/smite-web/wp-content/uploads/2015/05/standardjanus_card.jpg,https://hzweb.hi-rezgame.net/smite-web/wp-content/uploads/2015/05/1999.jpg,https://hzweb.hi-rezgame.net/smite-web/wp-content/uploads/2015/05/1999_9938.jpg,https://hzweb.hi-rezgame.net/smite-web/wp-content/uploads/2015/05/1999_9990.jpg,https://hzweb.hi-rezgame.net/smite-web/wp-content/uploads/2015/05/1999_10056.jpg,https://hzweb.hi-rezgame.net/smite-web/wp-content/uploads/2015/05/1999_9984.jpg,https://hzweb.hi-rezgame.net/smite-web/wp-content/uploads/2015/05/1999_10030.jpg
Jing Wei,Chinese, Hunter,The Oathkeeper," Ranged, Physical",2122,https://hzweb.hi-rezgame.net/smite-web/wp-content/uploads/2016/04/Jing-Wei_154370_Reborn.jpg,https://hzweb.hi-rezgame.net/smite-web/wp-content/uploads/2016/04/jing_wei_icon.jpg,https://hzweb.hi-rezgame.net/smite-web/wp-content/uploads/2016/04/Icons_JingWei_A01.png,https://hzweb.hi-rezgame.net/smite-web/wp-content/uploads/2016/04/Icons_JingWei_A02.png,https://hzweb.hi-rezgame.net/smite-web/wp-content/uploads/2016/04/Icons_JingWei_A03.png,https://hzweb.hi-rezgame.net/smite-web/wp-content/uploads/2016/04/Icons_JingWei_A04.png,https://hzweb.hi-rezgame.net/smite-web/wp-content/uploads/2016/04/Icons_JingWei_Passive.png
Kali,Hindu, Assassin,Goddess of Destruction," Melee, Physical",1649,https://hzweb.hi-rezgame.net/smite-web/wp-content/uploads/2015/05/standardkali_card.jpg,https://hzweb.hi-rezgame.net/smite-web/wp-content/uploads/2015/05/1649.jpg,https://hzweb.hi-rezgame.net/smite-web/wp-content/uploads/2015/05/1649_9485.jpg,https://hzweb.hi-rezgame.net/smite-web/wp-content/uploads/2015/05/1649_9486.jpg,https://hzweb.hi-rezgame.net/smite-web/wp-content/uploads/2015/05/1649_9487.jpg,https://hzweb.hi-rezgame.net/smite-web/wp-content/uploads/2015/05/1649_9520.jpg,https://hzweb.hi-rezgame.net/smite-web/wp-content/uploads/2015/05/1649_9484.jpg
Khepri,Egyptian, Guardian,The Dawn Bringer," Melee, Magical",2066,https://hzweb.hi-rezgame.net/smite-web/wp-content/uploads/2015/08/Khepri_Default_Card-Card.jpg,https://hzweb.hi-rezgame.net/smite-web/wp-content/uploads/2015/08/khepri.jpg,https://hzweb.hi-rezgame.net/smite-web/wp-content/uploads/2015/08/sk-1.png,https://hzweb.hi-rezgame.net/smite-web/wp-content/uploads/2015/08/sk-2.png,https://hzweb.hi-rezgame.net/smite-web/wp-content/uploads/2015/08/sk-3.png,https://hzweb.hi-rezgame.net/smite-web/wp-content/uploads/2015/08/sk-4.png,https://hzweb.hi-rezgame.net/smite-web/wp-content/uploads/2015/08/sk-0.png
Kukulkan,Mayan, Mage,Serpent of the Nine Winds," Ranged, Magical",1677,https://hzweb.hi-rezgame.net/smite-web/wp-content/uploads/2015/05/standardkukulkan_card.jpg,https://hzweb.hi-rezgame.net/smite-web/wp-content/uploads/2015/05/1677.jpg,https://hzweb.hi-rezgame.net/smite-web/wp-content/uploads/2015/05/1677_7363-e1436203550980.jpg,https://hzweb.hi-rezgame.net/smite-web/wp-content/uploads/2015/05/1677_7364-e1436203524620.jpg,https://hzweb.hi-rezgame.net/smite-web/wp-content/uploads/2015/05/1677_7365-e1436203509217.jpg,https://hzweb.hi-rezgame.net/smite-web/wp-content/uploads/2015/05/1677_7966-e1436203491406.jpg,https://hzweb.hi-rezgame.net/smite-web/wp-content/uploads/2015/05/1677_7557-e1436203456102.jpg
Kumbhakarna,Hindu, Guardian,The Sleeping Giant," Melee, Magical",1993,https://hzweb.hi-rezgame.net/smite-web/wp-content/uploads/2015/05/standardkumbhakarna_card.jpg,https://hzweb.hi-rezgame.net/smite-web/wp-content/uploads/2015/05/19931.jpg,https://hzweb.hi-rezgame.net/smite-web/wp-content/uploads/2015/05/1993_9888.jpg,https://hzweb.hi-rezgame.net/smite-web/wp-content/uploads/2015/05/1993_9951.jpg,https://hzweb.hi-rezgame.net/smite-web/wp-content/uploads/2015/05/1993_9892.jpg,https://hzweb.hi-rezgame.net/smite-web/wp-content/uploads/2015/05/1993_9898.jpg,https://hzweb.hi-rezgame.net/smite-web/wp-content/uploads/2015/05/1993_9885.jpg
Loki,Norse, Assassin,The Trickster God," Melee, Physical",1797,https://hzweb.hi-rezgame.net/smite-web/wp-content/uploads/2015/05/Loki_Default_Card.jpg,https://hzweb.hi-rezgame.net/smite-web/wp-content/uploads/2015/05/lokistandard1.jpg,https://hzweb.hi-rezgame.net/smite-web/wp-content/uploads/2015/05/1797_8425.jpg,https://hzweb.hi-rezgame.net/smite-web/wp-content/uploads/2015/05/1797_8427.jpg,https://hzweb.hi-rezgame.net/smite-web/wp-content/uploads/2015/05/1797_8464.jpg,https://hzweb.hi-rezgame.net/smite-web/wp-content/uploads/2015/05/1797_8453.jpg,https://hzweb.hi-rezgame.net/smite-web/wp-content/uploads/2015/05/1797_8412.jpg
Medusa,Greek, Hunter,The Gorgon," Ranged, Physical",2051,https://hzweb.hi-rezgame.net/smite-web/wp-content/uploads/2015/05/standardmedusa_card.jpg,https://hzweb.hi-rezgame.net/smite-web/wp-content/uploads/2015/05/2051.jpg,https://hzweb.hi-rezgame.net/smite-web/wp-content/uploads/2015/05/2051_11381.jpg,https://hzweb.hi-rezgame.net/smite-web/wp-content/uploads/2015/05/2051_11420.jpg,https://hzweb.hi-rezgame.net/smite-web/wp-content/uploads/2015/05/2051_11157.jpg,https://hzweb.hi-rezgame.net/smite-web/wp-content/uploads/2015/05/2051_11377.jpg,https://hzweb.hi-rezgame.net/smite-web/wp-content/uploads/2015/05/2051_11153.jpg
Mercury,Roman, Assassin,Messenger of the Gods," Melee, Physical",1941,https://hzweb.hi-rezgame.net/smite-web/wp-content/uploads/2015/05/standardmercury_card.jpg,https://hzweb.hi-rezgame.net/smite-web/wp-content/uploads/2015/05/1941.jpg,https://hzweb.hi-rezgame.net/smite-web/wp-content/uploads/2015/05/1941_9266.jpg,https://hzweb.hi-rezgame.net/smite-web/wp-content/uploads/2015/05/1941_9269.jpg,https://hzweb.hi-rezgame.net/smite-web/wp-content/uploads/2015/05/1941_9270.jpg,https://hzweb.hi-rezgame.net/smite-web/wp-content/uploads/2015/05/1941_9308.jpg,https://hzweb.hi-rezgame.net/smite-web/wp-content/uploads/2015/05/1941_9215.jpg
Ne Zha,Chinese, Assassin,the Third Lotus Prince," Melee, Physical",1915,https://hzweb.hi-rezgame.net/smite-web/wp-content/uploads/2015/05/standardnezha_card.jpg,https://hzweb.hi-rezgame.net/smite-web/wp-content/uploads/2015/05/1915.jpg,https://hzweb.hi-rezgame.net/smite-web/wp-content/uploads/2015/05/1915_8798.jpg,https://hzweb.hi-rezgame.net/smite-web/wp-content/uploads/2015/05/1915_8800.jpg,https://hzweb.hi-rezgame.net/smite-web/wp-content/uploads/2015/05/1915_8799.jpg,https://hzweb.hi-rezgame.net/smite-web/wp-content/uploads/2015/05/1915_8801.jpg,
Neith,Egyptian, Hunter,Weaver of Fate," Ranged, Physical",1872,https://hzweb.hi-rezgame.net/smite-web/wp-content/uploads/2015/05/standardneith_card.jpg,https://hzweb.hi-rezgame.net/smite-web/wp-content/uploads/2015/05/1872.jpg,https://hzweb.hi-rezgame.net/smite-web/wp-content/uploads/2015/05/1872_8643.jpg,https://hzweb.hi-rezgame.net/smite-web/wp-content/uploads/2015/05/1872_8730.jpg,https://hzweb.hi-rezgame.net/smite-web/wp-content/uploads/2015/05/1872_8649.jpg,https://hzweb.hi-rezgame.net/smite-web/wp-content/uploads/2015/05/1872_8706.jpg,https://hzweb.hi-rezgame.net/smite-web/wp-content/uploads/2015/05/1872_8648.jpg
Nemesis,Greek, Assassin,Goddess of Vengeance," Melee, Physical",1980,https://hzweb.hi-rezgame.net/smite-web/wp-content/uploads/2015/05/standardnemesis_card.jpg,https://hzweb.hi-rezgame.net/smite-web/wp-content/uploads/2015/05/19801.jpg,https://hzweb.hi-rezgame.net/smite-web/wp-content/uploads/2015/05/1980_9671.jpg,https://hzweb.hi-rezgame.net/smite-web/wp-content/uploads/2015/05/1980_9601.jpg,https://hzweb.hi-rezgame.net/smite-web/wp-content/uploads/2015/05/1980_9688.jpg,https://hzweb.hi-rezgame.net/smite-web/wp-content/uploads/2015/05/1980_9686.jpg,
Nox,Roman, Mage,Goddess of Night," Ranged, Magical",2036,https://hzweb.hi-rezgame.net/smite-web/wp-content/uploads/2015/05/standardnox_card.jpg,https://hzweb.hi-rezgame.net/smite-web/wp-content/uploads/2015/05/2036.jpg,https://hzweb.hi-rezgame.net/smite-web/wp-content/uploads/2015/05/2036_11648.jpg,https://hzweb.hi-rezgame.net/smite-web/wp-content/uploads/2015/05/2036_10712.jpg,https://hzweb.hi-rezgame.net/smite-web/wp-content/uploads/2015/05/2036_10721.jpg,https://hzweb.hi-rezgame.net/smite-web/wp-content/uploads/2015/05/1864_8528.jpg,https://hzweb.hi-rezgame.net/smite-web/wp-content/uploads/2015/05/2036_10717.jpg
Nu Wa,Chinese, Mage,Guardian of Heaven," Ranged, Magical",1958,https://hzweb.hi-rezgame.net/smite-web/wp-content/uploads/2015/05/standardnuwa_card.jpg,https://hzweb.hi-rezgame.net/smite-web/wp-content/uploads/2015/05/1958.jpg,https://hzweb.hi-rezgame.net/smite-web/wp-content/uploads/2015/05/1958_9438.jpg,https://hzweb.hi-rezgame.net/smite-web/wp-content/uploads/2015/05/1958_9443.jpg,https://hzweb.hi-rezgame.net/smite-web/wp-content/uploads/2015/05/1958_10335.jpg,https://hzweb.hi-rezgame.net/smite-web/wp-content/uploads/2015/05/1958_10362.jpg,https://hzweb.hi-rezgame.net/smite-web/wp-content/uploads/2015/05/1958_10250.jpg
Odin,Norse, Warrior,The Allfather," Melee, Physical",1669,https://hzweb.hi-rezgame.net/smite-web/wp-content/uploads/2015/05/standardodin_card.jpg,https://hzweb.hi-rezgame.net/smite-web/wp-content/uploads/2015/05/1669.jpg,https://hzweb.hi-rezgame.net/smite-web/wp-content/uploads/2015/05/1669_7598.jpg,https://hzweb.hi-rezgame.net/smite-web/wp-content/uploads/2015/05/1669_10488.jpg,https://hzweb.hi-rezgame.net/smite-web/wp-content/uploads/2015/05/1669_7284.jpg,https://hzweb.hi-rezgame.net/smite-web/wp-content/uploads/2015/05/1669_10479.jpg,https://hzweb.hi-rezgame.net/smite-web/wp-content/uploads/2015/05/1669_10489.jpg
Osiris,Egyptian, Warrior,Broken God of the Afterlife," Melee, Physical",2000,https://hzweb.hi-rezgame.net/smite-web/wp-content/uploads/2015/05/standardosiris_card.jpg,https://hzweb.hi-rezgame.net/smite-web/wp-content/uploads/2015/05/2000.jpg,https://hzweb.hi-rezgame.net/smite-web/wp-content/uploads/2015/05/2000_9946.jpg,https://hzweb.hi-rezgame.net/smite-web/wp-content/uploads/2015/05/2000_9947.jpg,https://hzweb.hi-rezgame.net/smite-web/wp-content/uploads/2015/05/2000_9953.jpg,https://hzweb.hi-rezgame.net/smite-web/wp-content/uploads/2015/05/2000_10000.jpg,https://hzweb.hi-rezgame.net/smite-web/wp-content/uploads/2015/05/2000_9973.jpg
Poseidon,Greek, Mage,God of the Oceans," Ranged, Magical",1881,https://hzweb.hi-rezgame.net/smite-web/wp-content/uploads/2015/05/standardposeidon_card.jpg,https://hzweb.hi-rezgame.net/smite-web/wp-content/uploads/2015/05/1881.jpg,https://hzweb.hi-rezgame.net/smite-web/wp-content/uploads/2015/05/1881_8701.jpg,https://hzweb.hi-rezgame.net/smite-web/wp-content/uploads/2015/05/1881_8698.jpg,https://hzweb.hi-rezgame.net/smite-web/wp-content/uploads/2015/05/1881_8703.jpg,https://hzweb.hi-rezgame.net/smite-web/wp-content/uploads/2015/05/1881_8705.jpg,https://hzweb.hi-rezgame.net/smite-web/wp-content/uploads/2015/05/1881_8697.jpg
Ra,Egyptian, Mage,Sun God," Ranged, Magical",1698,https://hzweb.hi-rezgame.net/smite-web/wp-content/uploads/2015/05/solarsentinel_card.jpg,https://hzweb.hi-rezgame.net/smite-web/wp-content/uploads/2015/05/T_Ra_Default_Icon.jpg,https://hzweb.hi-rezgame.net/smite-web/wp-content/uploads/2015/05/1698_7665.jpg,https://hzweb.hi-rezgame.net/smite-web/wp-content/uploads/2015/05/1698_7663.jpg,https://hzweb.hi-rezgame.net/smite-web/wp-content/uploads/2015/05/1698_7661.jpg,https://hzweb.hi-rezgame.net/smite-web/wp-content/uploads/2015/05/1698_7662.jpg,https://hzweb.hi-rezgame.net/smite-web/wp-content/uploads/2015/05/1698_7660.jpg
Raijin,Japanese, Mage,Master of Thunder," Ranged, Magical",2113,https://hzweb.hi-rezgame.net/smite-web/wp-content/uploads/2016/02/Raijin_CCSkin_Card.jpg,https://hzweb.hi-rezgame.net/smite-web/wp-content/uploads/2016/02/Raijin_Default_Icon.jpg,https://hzweb.hi-rezgame.net/smite-web/wp-content/uploads/2016/02/Icons_Raijin_A01.png,https://hzweb.hi-rezgame.net/smite-web/wp-content/uploads/2016/02/Icons_Raijin_A02.png,https://hzweb.hi-rezgame.net/smite-web/wp-content/uploads/2016/02/Icons_Raijin_A03.png,https://hzweb.hi-rezgame.net/smite-web/wp-content/uploads/2016/02/Icons_Raijin_A04.png,https://hzweb.hi-rezgame.net/smite-web/wp-content/uploads/2016/02/Icons_Raijin_Passive.png
Rama,Hindu, Hunter,Seventh Avatar of Vishnu," Ranged, Physical",2002,https://hzweb.hi-rezgame.net/smite-web/wp-content/uploads/2015/05/standardrama_card.jpg,https://hzweb.hi-rezgame.net/smite-web/wp-content/uploads/2015/05/2002.jpg,https://hzweb.hi-rezgame.net/smite-web/wp-content/uploads/2015/05/2002_10160.jpg,https://hzweb.hi-rezgame.net/smite-web/wp-content/uploads/2015/05/2002_10162.jpg,https://hzweb.hi-rezgame.net/smite-web/wp-content/uploads/2015/05/2002_10038.jpg,https://hzweb.hi-rezgame.net/smite-web/wp-content/uploads/2015/05/2002_10116.jpg,https://hzweb.hi-rezgame.net/smite-web/wp-content/uploads/2015/05/2002_10144.jpg
Ratatoskr,Norse, Assassin,The Sly Messenger," Melee, Physical",2063,https://hzweb.hi-rezgame.net/smite-web/wp-content/uploads/2015/06/standardratatoskr_card.jpg,https://hzweb.hi-rezgame.net/smite-web/wp-content/uploads/2015/06/2063.jpg,https://hzweb.hi-rezgame.net/smite-web/wp-content/uploads/2015/06/update-rata-1.jpg,https://hzweb.hi-rezgame.net/smite-web/wp-content/uploads/2015/06/update-rata-2.jpg,https://hzweb.hi-rezgame.net/smite-web/wp-content/uploads/2015/06/update-rata-3.jpg,https://hzweb.hi-rezgame.net/smite-web/wp-content/uploads/2015/06/update-rata-4.jpg,https://hzweb.hi-rezgame.net/smite-web/wp-content/uploads/2015/06/update-rata-pass.jpg
Ravana,Hindu, Warrior,Demon King of Lanka," Melee, Physical",2065,https://hzweb.hi-rezgame.net/smite-web/wp-content/uploads/2015/06/Ravana-Default-Card.jpg,https://hzweb.hi-rezgame.net/smite-web/wp-content/uploads/2015/06/Ravana-Default.jpg,https://hzweb.hi-rezgame.net/smite-web/wp-content/uploads/2015/06/2065_11529.jpg,https://hzweb.hi-rezgame.net/smite-web/wp-content/uploads/2015/06/2065_11528.jpg,https://hzweb.hi-rezgame.net/smite-web/wp-content/uploads/2015/06/2065_11530.jpg,https://hzweb.hi-rezgame.net/smite-web/wp-content/uploads/2015/06/2065_11639.jpg,https://hzweb.hi-rezgame.net/smite-web/wp-content/uploads/2015/06/2065_11532.jpg
Scylla,Greek, Mage,Horror of the Sea," Ranged, Magical",1988,https://hzweb.hi-rezgame.net/smite-web/wp-content/uploads/2015/05/standardscylla_card.jpg,https://hzweb.hi-rezgame.net/smite-web/wp-content/uploads/2015/05/1988.jpg,https://hzweb.hi-rezgame.net/smite-web/wp-content/uploads/2015/05/1988_9657.jpg,https://hzweb.hi-rezgame.net/smite-web/wp-content/uploads/2015/05/1988_9663.jpg,https://hzweb.hi-rezgame.net/smite-web/wp-content/uploads/2015/05/1988_9662.jpg,https://hzweb.hi-rezgame.net/smite-web/wp-content/uploads/2015/05/1988_9682.jpg,https://hzweb.hi-rezgame.net/smite-web/wp-content/uploads/2015/05/1988_9698.jpg
Serqet,Egyptian, Assassin,Goddess of Venom," Melee, Physical",2005,https://hzweb.hi-rezgame.net/smite-web/wp-content/uploads/2015/05/standardserqet_card.jpg,https://hzweb.hi-rezgame.net/smite-web/wp-content/uploads/2015/05/2005.jpg,https://hzweb.hi-rezgame.net/smite-web/wp-content/uploads/2015/05/2005_10187.jpg,https://hzweb.hi-rezgame.net/smite-web/wp-content/uploads/2015/05/2005_10213.jpg,https://hzweb.hi-rezgame.net/smite-web/wp-content/uploads/2015/05/2005_10215.jpg,https://hzweb.hi-rezgame.net/smite-web/wp-content/uploads/2015/05/2005_10223.jpg,https://hzweb.hi-rezgame.net/smite-web/wp-content/uploads/2015/05/2005_10185.jpg
Skadi,Norse, Hunter,Goddess of Winter," Ranged, Physical",2107,https://hzweb.hi-rezgame.net/smite-web/wp-content/uploads/2016/03/Skadi_Default_Card.jpg,https://hzweb.hi-rezgame.net/smite-web/wp-content/uploads/2016/03/Skadi_mini3.jpg,https://hzweb.hi-rezgame.net/smite-web/wp-content/uploads/2016/03/Icons_Skadi_A013.jpg,https://hzweb.hi-rezgame.net/smite-web/wp-content/uploads/2016/03/Icons_Skadi_A023.jpg,https://hzweb.hi-rezgame.net/smite-web/wp-content/uploads/2016/03/Icons_Skadi_A033.jpg,https://hzweb.hi-rezgame.net/smite-web/wp-content/uploads/2016/03/Icons_Skadi_A044.jpg,https://hzweb.hi-rezgame.net/smite-web/wp-content/uploads/2016/03/Icons_Skadi_Passive2.jpg
Sobek,Egyptian, Guardian,God of the Nile," Melee, Magical",1747,https://hzweb.hi-rezgame.net/smite-web/wp-content/uploads/2015/05/standardsobek_card.jpg,https://hzweb.hi-rezgame.net/smite-web/wp-content/uploads/2015/05/1747.jpg,https://hzweb.hi-rezgame.net/smite-web/wp-content/uploads/2015/05/1747_7946.jpg,https://hzweb.hi-rezgame.net/smite-web/wp-content/uploads/2015/05/1747_7949.jpg,https://hzweb.hi-rezgame.net/smite-web/wp-content/uploads/2015/05/1747_7951.jpg,https://hzweb.hi-rezgame.net/smite-web/wp-content/uploads/2015/05/1747_7947.jpg,https://hzweb.hi-rezgame.net/smite-web/wp-content/uploads/2015/05/1747_7952.jpg
Sol,Norse, Mage,Goddess of the Sun," Ranged, Magical",2074,https://hzweb.hi-rezgame.net/smite-web/wp-content/uploads/2015/09/Sol_CCSkin_Card.jpg,https://hzweb.hi-rezgame.net/smite-web/wp-content/uploads/2015/09/Sol_Default_Icon.png,https://hzweb.hi-rezgame.net/smite-web/wp-content/uploads/2015/09/Icons_Sol_A01.jpg,https://hzweb.hi-rezgame.net/smite-web/wp-content/uploads/2015/09/Icons_Sol_A02.jpg,https://hzweb.hi-rezgame.net/smite-web/wp-content/uploads/2015/09/Icons_Sol_A03.jpg,https://hzweb.hi-rezgame.net/smite-web/wp-content/uploads/2015/09/Icons_Sol_A04.jpg,https://hzweb.hi-rezgame.net/smite-web/wp-content/uploads/2015/09/Icons_Sol_Passive.jpg
Sun Wukong,Chinese, Warrior,the Monkey King," Melee, Physical",1944,https://hzweb.hi-rezgame.net/smite-web/wp-content/uploads/2015/05/SunWuXing_Card.jpg,https://hzweb.hi-rezgame.net/smite-web/wp-content/uploads/2015/05/19441.jpg,https://hzweb.hi-rezgame.net/smite-web/wp-content/uploads/2015/05/1944_9297.jpg,https://hzweb.hi-rezgame.net/smite-web/wp-content/uploads/2015/05/1944_9382.jpg,https://hzweb.hi-rezgame.net/smite-web/wp-content/uploads/2015/05/1944_9313.jpg,https://hzweb.hi-rezgame.net/smite-web/wp-content/uploads/2015/05/1944_9324.jpg,https://hzweb.hi-rezgame.net/smite-web/wp-content/uploads/2015/05/1944_9312.jpg
Susano,Japanese, Assassin,God of the Summer Storm," Melee, Physical",2123,https://hzweb.hi-rezgame.net/smite-web/wp-content/uploads/2016/05/Susanoo_CCSkin_Card.png,https://hzweb.hi-rezgame.net/smite-web/wp-content/uploads/2016/05/T_Susano_Default_Icon.png,https://hzweb.hi-rezgame.net/smite-web/wp-content/uploads/2016/05/Icons_Susano_A01-1.png,https://hzweb.hi-rezgame.net/smite-web/wp-content/uploads/2016/05/Icons_Susano_A02-1.png,https://hzweb.hi-rezgame.net/smite-web/wp-content/uploads/2016/05/Icons_Susano_A03-1.png,https://hzweb.hi-rezgame.net/smite-web/wp-content/uploads/2016/05/Icons_Susano_A04-1.png,https://hzweb.hi-rezgame.net/smite-web/wp-content/uploads/2016/05/Icons_Susano_Passive-1.png
Sylvanus,Roman, Guardian,Keeper of the Wild, Magical,2030,https://hzweb.hi-rezgame.net/smite-web/wp-content/uploads/2015/05/standardsylvanus_card.jpg,https://hzweb.hi-rezgame.net/smite-web/wp-content/uploads/2015/05/2030.jpg,https://hzweb.hi-rezgame.net/smite-web/wp-content/uploads/2015/05/2030_10571.jpg,https://hzweb.hi-rezgame.net/smite-web/wp-content/uploads/2015/05/2030_10554.jpg,https://hzweb.hi-rezgame.net/smite-web/wp-content/uploads/2015/05/2030_10553.jpg,https://hzweb.hi-rezgame.net/smite-web/wp-content/uploads/2015/05/2030_10573.jpg,https://hzweb.hi-rezgame.net/smite-web/wp-content/uploads/2015/05/2030_10578.jpg
Terra,Roman, Guardian,The Earth Mother, Magical,2147,https://hzweb.hi-rezgame.net/smite-web/wp-content/uploads/2016/07/Terra_CC_Card.jpg,https://hzweb.hi-rezgame.net/smite-web/wp-content/uploads/2016/08/GodIcons_TerraDefault.jpg,https://hzweb.hi-rezgame.net/smite-web/wp-content/uploads/2016/08/Icons_Terra_A01-1.png,https://hzweb.hi-rezgame.net/smite-web/wp-content/uploads/2016/08/Icons_Terra_A02-1.png,https://hzweb.hi-rezgame.net/smite-web/wp-content/uploads/2016/08/Icons_Terra_A03-1.png,https://hzweb.hi-rezgame.net/smite-web/wp-content/uploads/2016/08/Icons_Terra_A04-2.png,https://hzweb.hi-rezgame.net/smite-web/wp-content/uploads/2016/07/Icons_Terra_Passive.jpg
Thanatos,Greek, Assassin,Hand of Death," Melee, Physical",1943,https://hzweb.hi-rezgame.net/smite-web/wp-content/uploads/2015/05/standardthanatos_card.jpg,https://hzweb.hi-rezgame.net/smite-web/wp-content/uploads/2015/05/1943.jpg,https://hzweb.hi-rezgame.net/smite-web/wp-content/uploads/2015/05/1943_9299.jpg,https://hzweb.hi-rezgame.net/smite-web/wp-content/uploads/2015/05/1943_9304.jpg,https://hzweb.hi-rezgame.net/smite-web/wp-content/uploads/2015/05/1943_9228.jpg,https://hzweb.hi-rezgame.net/smite-web/wp-content/uploads/2015/05/1943_9272.jpg,https://hzweb.hi-rezgame.net/smite-web/wp-content/uploads/2015/05/1943_9239.jpg
Thor,Norse, Assassin,God of Thunder," Melee, Physical",1779,https://hzweb.hi-rezgame.net/smite-web/wp-content/uploads/2015/05/standardthor_card.jpg,https://hzweb.hi-rezgame.net/smite-web/wp-content/uploads/2015/05/1779.jpg,https://hzweb.hi-rezgame.net/smite-web/wp-content/uploads/2015/05/1779_8260.jpg,https://hzweb.hi-rezgame.net/smite-web/wp-content/uploads/2015/05/1779_8261.jpg,https://hzweb.hi-rezgame.net/smite-web/wp-content/uploads/2015/05/1779_8263.jpg,https://hzweb.hi-rezgame.net/smite-web/wp-content/uploads/2015/05/1779_8310.jpg,https://hzweb.hi-rezgame.net/smite-web/wp-content/uploads/2015/05/1779_8265.jpg
Thoth,Egyptian, Mage,Arbiter of the Damned," Ranged, Magical",2203,https://hzweb.hi-rezgame.net/smite-web/wp-content/uploads/2016/11/a6705a84bceed2551640f8d8669c1539.jpg,https://hzweb.hi-rezgame.net/smite-web/wp-content/uploads/2015/06/thoth_icon.jpg,https://hzweb.hi-rezgame.net/smite-web/wp-content/uploads/2016/11/Icons_Thoth_A01.jpg,https://hzweb.hi-rezgame.net/smite-web/wp-content/uploads/2016/11/Icons_Thoth_A02.jpg,https://hzweb.hi-rezgame.net/smite-web/wp-content/uploads/2016/11/Icons_Thoth_A03.jpg,,https://hzweb.hi-rezgame.net/smite-web/wp-content/uploads/2016/11/Icons_Thoth_Passive.jpg
Tyr,Norse, Warrior,the Lawgiver," Melee, Physical",1924,https://hzweb.hi-rezgame.net/smite-web/wp-content/uploads/2015/05/standardtyr_card.jpg,https://hzweb.hi-rezgame.net/smite-web/wp-content/uploads/2015/05/1924.jpg,https://hzweb.hi-rezgame.net/smite-web/wp-content/uploads/2015/05/1924_9004.jpg,https://hzweb.hi-rezgame.net/smite-web/wp-content/uploads/2015/05/1924_9013.jpg,https://hzweb.hi-rezgame.net/smite-web/wp-content/uploads/2015/05/1924_9025.jpg,https://hzweb.hi-rezgame.net/smite-web/wp-content/uploads/2015/05/1924_9173.jpg,https://hzweb.hi-rezgame.net/smite-web/wp-content/uploads/2015/05/1924_9032.jpg
Ullr,Norse, Hunter,The Glorious One," Ranged, Physical",1991,https://hzweb.hi-rezgame.net/smite-web/wp-content/uploads/2015/05/standardullr_card.jpg,https://hzweb.hi-rezgame.net/smite-web/wp-content/uploads/2015/05/1991.jpg,https://hzweb.hi-rezgame.net/smite-web/wp-content/uploads/2015/05/1991_9807.jpg,https://hzweb.hi-rezgame.net/smite-web/wp-content/uploads/2015/05/1991_9896.jpg,https://hzweb.hi-rezgame.net/smite-web/wp-content/uploads/2015/05/1991_9893.jpg,https://hzweb.hi-rezgame.net/smite-web/wp-content/uploads/2015/05/1991_9915.jpg,https://hzweb.hi-rezgame.net/smite-web/wp-content/uploads/2015/05/1991_9800.jpg
Vamana,Hindu, Warrior,Fifth Avatar of Vishnu," Melee, Physical",1723,https://hzweb.hi-rezgame.net/smite-web/wp-content/uploads/2015/05/standardvamana_card.jpg,https://hzweb.hi-rezgame.net/smite-web/wp-content/uploads/2015/05/1723.jpg,https://hzweb.hi-rezgame.net/smite-web/wp-content/uploads/2015/05/1723_7719.jpg,https://hzweb.hi-rezgame.net/smite-web/wp-content/uploads/2015/05/1723_7721.jpg,https://hzweb.hi-rezgame.net/smite-web/wp-content/uploads/2015/05/1723_7722.jpg,https://hzweb.hi-rezgame.net/smite-web/wp-content/uploads/2015/05/1723_7723.jpg,https://hzweb.hi-rezgame.net/smite-web/wp-content/uploads/2015/05/1723_7746.jpg
Vulcan,Roman, Mage,Smith of the Gods," Ranged, Magical",1869,https://hzweb.hi-rezgame.net/smite-web/wp-content/uploads/2015/05/standardvulcan_card.jpg,https://hzweb.hi-rezgame.net/smite-web/wp-content/uploads/2015/05/1869.jpg,https://hzweb.hi-rezgame.net/smite-web/wp-content/uploads/2015/05/1869_8614.jpg,https://hzweb.hi-rezgame.net/smite-web/wp-content/uploads/2015/05/1869_8609.jpg,https://hzweb.hi-rezgame.net/smite-web/wp-content/uploads/2015/05/1869_9444.jpg,https://hzweb.hi-rezgame.net/smite-web/wp-content/uploads/2015/05/1869_9540.jpg,
Xbalanque,Mayan, Hunter,Hidden Jaguar Sun," Ranged, Physical",1864,https://hzweb.hi-rezgame.net/smite-web/wp-content/uploads/2015/05/standardxbalanque_card.jpg,https://hzweb.hi-rezgame.net/smite-web/wp-content/uploads/2015/05/standardxbalanque.jpg,https://hzweb.hi-rezgame.net/smite-web/wp-content/uploads/2015/05/1864_8521.jpg,https://hzweb.hi-rezgame.net/smite-web/wp-content/uploads/2015/05/1864_8524.jpg,https://hzweb.hi-rezgame.net/smite-web/wp-content/uploads/2015/05/1864_8530.jpg,https://hzweb.hi-rezgame.net/smite-web/wp-content/uploads/2015/05/1864_8528.jpg,https://hzweb.hi-rezgame.net/smite-web/wp-content/uploads/2015/05/1864_8534.jpg
Xing Tian,Chinese, Guardian,The Relentless," Melee, Magical",2072,https://hzweb.hi-rezgame.net/smite-web/wp-content/uploads/2015/08/XingTian_Default_Card.jpg,https://hzweb.hi-rezgame.net/smite-web/wp-content/uploads/2015/08/T_XingTian_Default_Icon.png,https://hzweb.hi-rezgame.net/smite-web/wp-content/uploads/2015/08/2072_11824.jpg,https://hzweb.hi-rezgame.net/smite-web/wp-content/uploads/2015/08/2072_11829.jpg,,https://hzweb.hi-rezgame.net/smite-web/wp-content/uploads/2015/08/2072_11823.jpg,https://hzweb.hi-rezgame.net/smite-web/wp-content/uploads/2015/08/2072_11831.jpg
Ymir,Norse, Guardian,Father of the Frost Giants," Melee, Magical",1670,https://hzweb.hi-rezgame.net/smite-web/wp-content/uploads/2015/05/obsidianshard_card.jpg,https://hzweb.hi-rezgame.net/smite-web/wp-content/uploads/2015/05/1670.jpg,https://hzweb.hi-rezgame.net/smite-web/wp-content/uploads/2015/05/1670_7305.jpg,https://hzweb.hi-rezgame.net/smite-web/wp-content/uploads/2015/05/1670_7927.jpg,https://hzweb.hi-rezgame.net/smite-web/wp-content/uploads/2015/05/1670_7307.jpg,https://hzweb.hi-rezgame.net/smite-web/wp-content/uploads/2015/05/1670_7308.jpg,https://hzweb.hi-rezgame.net/smite-web/wp-content/uploads/2015/05/1670_7553.jpg
Zeus,Greek, Mage,God of the Sky," Ranged, Magical",1672,https://hzweb.hi-rezgame.net/smite-web/wp-content/uploads/2015/05/stormbringer_card.jpg,https://hzweb.hi-rezgame.net/smite-web/wp-content/uploads/2015/05/1672.jpg,https://hzweb.hi-rezgame.net/smite-web/wp-content/uploads/2015/05/1672_8635.jpg,https://hzweb.hi-rezgame.net/smite-web/wp-content/uploads/2015/05/1672_7312.jpg,https://hzweb.hi-rezgame.net/smite-web/wp-content/uploads/2015/05/1672_7311.jpg,https://hzweb.hi-rezgame.net/smite-web/wp-content/uploads/2015/05/1672_7313.jpg,https://hzweb.hi-rezgame.net/smite-web/wp-content/uploads/2015/05/1672_7554.jpg
Zhong Kui,Chinese, Mage,the Demon Queller," Ranged, Magical",1926,https://hzweb.hi-rezgame.net/smite-web/wp-content/uploads/2015/06/standardzhongkui_card.jpg,https://hzweb.hi-rezgame.net/smite-web/wp-content/uploads/2015/06/1926.jpg,https://hzweb.hi-rezgame.net/smite-web/wp-content/uploads/2015/06/1926_9092.jpg,https://hzweb.hi-rezgame.net/smite-web/wp-content/uploads/2015/06/1926_9212.jpg,https://hzweb.hi-rezgame.net/smite-web/wp-content/uploads/2015/06/1926_9248.jpg,https://hzweb.hi-rezgame.net/smite-web/wp-content/uploads/2015/06/1926_9096.jpg,https://hzweb.hi-rezgame.net/smite-web/wp-content/uploads/2015/06/1926_9098.jpg
